{"cameraMode":{"drawMode":0,"name":"Shaded","section":"Shading Mode"},"sceneLighting":false,"audioPlay":false,"sceneViewState":{"showFog":true,"showMaterialUpdate":false,"showSkybox":false,"showFlares":true,"showImageEffects":true,"showParticleSystems":true},"in2DMode":false,"pivot":{"x":5114.61181640625,"y":1613.648193359375,"z":4381.0263671875},"rotation":{"x":0.15014143288135529,"y":0.8478399515151978,"z":-0.4073883295059204,"w":0.30644744634628298},"size":1448.7122802734375,"orthographic":false}