{"cameraMode":{"drawMode":0,"name":"Shaded","section":"Shading Mode"},"sceneLighting":false,"audioPlay":false,"sceneViewState":{"showFog":true,"showMaterialUpdate":false,"showSkybox":false,"showFlares":true,"showImageEffects":true,"showParticleSystems":true},"in2DMode":false,"pivot":{"x":4865.7763671875,"y":39387.296875,"z":7267.357421875},"rotation":{"x":-0.5490111708641052,"y":0.01781151071190834,"z":-0.013084166683256626,"w":-0.8365231156349182},"size":1448.4775390625,"orthographic":false}