{"cameraMode":{"drawMode":0,"name":"Shaded","section":"Shading Mode"},"sceneLighting":false,"audioPlay":false,"sceneViewState":{"showFog":true,"showMaterialUpdate":false,"showSkybox":false,"showFlares":true,"showImageEffects":true,"showParticleSystems":true},"in2DMode":false,"pivot":{"x":9401.6923828125,"y":11059.5849609375,"z":12187.671875},"rotation":{"x":0.47703495621681216,"y":0.0034493696875870229,"z":0.0008320717024616897,"w":0.8798369765281677},"size":790.971435546875,"orthographic":false}