{"cameraMode":{"drawMode":0,"name":"Shaded","section":"Shading Mode"},"sceneLighting":true,"audioPlay":false,"sceneViewState":{"showFog":true,"showMaterialUpdate":false,"showSkybox":true,"showFlares":true,"showImageEffects":true,"showParticleSystems":true},"in2DMode":false,"pivot":{"x":6140.193359375,"y":886.700927734375,"z":5650.3037109375},"rotation":{"x":0.33986717462539675,"y":0.28437772393226626,"z":-0.10861814022064209,"w":0.8899391889572144},"size":1512.8876953125,"orthographic":false}