{"cameraMode":{"drawMode":0,"name":"Shaded","section":"Shading Mode"},"sceneLighting":false,"audioPlay":false,"sceneViewState":{"showFog":true,"showMaterialUpdate":false,"showSkybox":false,"showFlares":true,"showImageEffects":true,"showParticleSystems":true},"in2DMode":false,"pivot":{"x":1842.448974609375,"y":1009.1402587890625,"z":2036.978271484375},"rotation":{"x":-0.4570651054382324,"y":-0.12251314520835877,"z":0.06083845719695091,"w":-0.8797478675842285},"size":1448.92236328125,"orthographic":false}