{"cameraMode":{"drawMode":0,"name":"Shaded","section":"Shading Mode"},"sceneLighting":true,"audioPlay":false,"sceneViewState":{"showFog":true,"showMaterialUpdate":false,"showSkybox":true,"showFlares":true,"showImageEffects":true,"showParticleSystems":true},"in2DMode":false,"pivot":{"x":-540.0073852539063,"y":1791.584228515625,"z":1174.7275390625},"rotation":{"x":-0.5347882509231567,"y":-0.22838939726352693,"z":0.15285620093345643,"w":-0.7990493774414063},"size":1448.7386474609375,"orthographic":false}