{"cameraMode":{"drawMode":0,"name":"Shaded","section":"Shading Mode"},"sceneLighting":false,"audioPlay":false,"sceneViewState":{"showFog":true,"showMaterialUpdate":false,"showSkybox":false,"showFlares":true,"showImageEffects":true,"showParticleSystems":true},"in2DMode":false,"pivot":{"x":234.606689453125,"y":-125.766357421875,"z":1601.3759765625},"rotation":{"x":-0.27525538206100466,"y":-0.619649350643158,"z":0.24628175795078278,"w":-0.6925444602966309},"size":1448.9190673828125,"orthographic":false}