{"cameraMode":{"drawMode":0,"name":"Shaded","section":"Shading Mode"},"sceneLighting":true,"audioPlay":false,"sceneViewState":{"showFog":true,"showMaterialUpdate":false,"showSkybox":true,"showFlares":true,"showImageEffects":true,"showParticleSystems":true},"in2DMode":false,"pivot":{"x":-91.0653305053711,"y":45.18092727661133,"z":105.33750915527344},"rotation":{"x":-0.0022995066829025747,"y":0.9927966594696045,"z":-0.11707893013954163,"w":-0.03642570227384567},"size":20.712175369262697,"orthographic":false}