{"cameraMode":{"drawMode":0,"name":"Shaded","section":"Shading Mode"},"sceneLighting":true,"audioPlay":false,"sceneViewState":{"showFog":true,"showMaterialUpdate":false,"showSkybox":true,"showFlares":true,"showImageEffects":true,"showParticleSystems":true},"in2DMode":false,"pivot":{"x":-26.354984283447267,"y":-29.480369567871095,"z":-40.109649658203128},"rotation":{"x":-0.18725845217704774,"y":0.7967128753662109,"z":-0.31365150213241579,"w":-0.48217666149139407},"size":40.65789794921875,"orthographic":false}