{"cameraMode":{"drawMode":0,"name":"Shaded","section":"Shading Mode"},"sceneLighting":true,"audioPlay":false,"sceneViewState":{"showFog":true,"showMaterialUpdate":false,"showSkybox":true,"showFlares":true,"showImageEffects":true,"showParticleSystems":true},"in2DMode":false,"pivot":{"x":-0.9958577156066895,"y":19.83150291442871,"z":-44.98387908935547},"rotation":{"x":-0.2911262810230255,"y":-0.10707913339138031,"z":0.032790057361125949,"w":-0.9501696825027466},"size":8.58072280883789,"orthographic":false}