{"cameraMode":{"drawMode":0,"name":"Shaded","section":"Shading Mode"},"sceneLighting":true,"audioPlay":false,"sceneViewState":{"showFog":true,"showMaterialUpdate":false,"showSkybox":true,"showFlares":true,"showImageEffects":true,"showParticleSystems":true},"in2DMode":false,"pivot":{"x":1617.8302001953125,"y":-914.966796875,"z":2602.26318359375},"rotation":{"x":0.505176842212677,"y":0.03110511787235737,"z":-0.01708150841295719,"w":0.8625205755233765},"size":3193.3603515625,"orthographic":false}