{"cameraMode":{"drawMode":0,"name":"Shaded","section":"Shading Mode"},"sceneLighting":false,"audioPlay":false,"sceneViewState":{"showFog":true,"showMaterialUpdate":false,"showSkybox":false,"showFlares":true,"showImageEffects":true,"showParticleSystems":true},"in2DMode":false,"pivot":{"x":1058.244140625,"y":-1884.798583984375,"z":1634.948974609375},"rotation":{"x":-0.6782248616218567,"y":-0.049452345818281177,"z":0.04497845098376274,"w":-0.7319083213806152},"size":1448.800537109375,"orthographic":false}