{"cameraMode":{"drawMode":0,"name":"Shaded","section":"Shading Mode"},"sceneLighting":false,"audioPlay":false,"sceneViewState":{"showFog":true,"showMaterialUpdate":false,"showSkybox":false,"showFlares":true,"showImageEffects":true,"showParticleSystems":true},"in2DMode":false,"pivot":{"x":713.7413940429688,"y":-1032.138916015625,"z":1562.946533203125},"rotation":{"x":0.48490607738494875,"y":-0.0559699647128582,"z":0.031530193984508517,"w":0.8724443316459656},"size":1448.4234619140625,"orthographic":false}