{"cameraMode":{"drawMode":0,"name":"Shaded","section":"Shading Mode"},"sceneLighting":false,"audioPlay":false,"sceneViewState":{"showFog":true,"showMaterialUpdate":false,"showSkybox":false,"showFlares":true,"showImageEffects":true,"showParticleSystems":true},"in2DMode":false,"pivot":{"x":0.07784080505371094,"y":12.355733871459961,"z":-3.733231544494629},"rotation":{"x":0.05525198578834534,"y":0.8914164304733276,"z":-0.11156677454710007,"w":0.4360729455947876},"size":13.761850357055664,"orthographic":false}