{"cameraMode":{"drawMode":0,"name":"Shaded","section":"Shading Mode"},"sceneLighting":false,"audioPlay":false,"sceneViewState":{"showFog":true,"showMaterialUpdate":false,"showSkybox":false,"showFlares":true,"showImageEffects":true,"showParticleSystems":true},"in2DMode":false,"pivot":{"x":-0.10328149795532227,"y":4.191338062286377,"z":0.20140939950942994},"rotation":{"x":0.20872871577739716,"y":-0.19628438353538514,"z":0.04325505346059799,"w":0.9571288824081421},"size":12.976607322692871,"orthographic":false}