{"cameraMode":{"drawMode":0,"name":"Shaded","section":"Shading Mode"},"sceneLighting":true,"audioPlay":false,"sceneViewState":{"showFog":true,"showMaterialUpdate":false,"showSkybox":true,"showFlares":true,"showImageEffects":true,"showParticleSystems":true},"in2DMode":false,"pivot":{"x":1844.321533203125,"y":1930.839111328125,"z":1093.665283203125},"rotation":{"x":-0.3951628506183624,"y":-0.08959189057350159,"z":0.0387546569108963,"w":-0.9134095311164856},"size":518.3828125,"orthographic":false}