{"cameraMode":{"drawMode":0,"name":"Shaded","section":"Shading Mode"},"sceneLighting":false,"audioPlay":false,"sceneViewState":{"showFog":true,"showMaterialUpdate":false,"showSkybox":false,"showFlares":true,"showImageEffects":true,"showParticleSystems":true},"in2DMode":false,"pivot":{"x":-7.570820331573486,"y":3.264878034591675,"z":-1.0945651531219483},"rotation":{"x":0.05886131152510643,"y":-0.8562157154083252,"z":0.5032479166984558,"w":0.1012418195605278},"size":4.198808670043945,"orthographic":false}