{"cameraMode":{"drawMode":0,"name":"Shaded","section":"Shading Mode"},"sceneLighting":false,"audioPlay":false,"sceneViewState":{"showFog":true,"showMaterialUpdate":false,"showSkybox":false,"showFlares":true,"showImageEffects":true,"showParticleSystems":true},"in2DMode":false,"pivot":{"x":-0.46140480041503909,"y":52.30302429199219,"z":-0.09389495849609375},"rotation":{"x":0.05525198578834534,"y":0.8914164304733276,"z":-0.11156677454710007,"w":0.4360729455947876},"size":60.551963806152347,"orthographic":false}