{"cameraMode":{"drawMode":0,"name":"Shaded","section":"Shading Mode"},"sceneLighting":false,"audioPlay":false,"sceneViewState":{"showFog":true,"showMaterialUpdate":false,"showSkybox":false,"showFlares":true,"showImageEffects":true,"showParticleSystems":true},"in2DMode":false,"pivot":{"x":-13.675726890563965,"y":5.279132843017578,"z":-16.592681884765626},"rotation":{"x":0.5207651853561401,"y":-0.1182141900062561,"z":0.07424992322921753,"w":0.8424490094184876},"size":10.442352294921875,"orthographic":false}