{"cameraMode":{"drawMode":0,"name":"Shaded","section":"Shading Mode"},"sceneLighting":true,"audioPlay":false,"sceneViewState":{"showFog":true,"showMaterialUpdate":false,"showSkybox":true,"showFlares":true,"showImageEffects":true,"showParticleSystems":true},"in2DMode":false,"pivot":{"x":1909.3427734375,"y":268.5654296875,"z":2716.431884765625},"rotation":{"x":0.252748042345047,"y":-0.41274023056030276,"z":0.12067815661430359,"w":0.8669884204864502},"size":707.1068115234375,"orthographic":false}