{"cameraMode":{"drawMode":0,"name":"Shaded","section":"Shading Mode"},"sceneLighting":true,"audioPlay":false,"sceneViewState":{"showFog":true,"showMaterialUpdate":false,"showSkybox":true,"showFlares":true,"showImageEffects":true,"showParticleSystems":true},"in2DMode":false,"pivot":{"x":2980.75439453125,"y":-177.1436767578125,"z":2785.042236328125},"rotation":{"x":-0.235055610537529,"y":-0.4237518012523651,"z":0.11410623043775559,"w":-0.8674996495246887},"size":1448.8153076171875,"orthographic":false}