{"cameraMode":{"drawMode":0,"name":"Shaded","section":"Shading Mode"},"sceneLighting":false,"audioPlay":false,"sceneViewState":{"showFog":true,"showMaterialUpdate":false,"showSkybox":false,"showFlares":true,"showImageEffects":true,"showParticleSystems":true},"in2DMode":false,"pivot":{"x":66.49083709716797,"y":0.9091188907623291,"z":34.79024124145508},"rotation":{"x":0.21358580887317658,"y":0.7412005662918091,"z":-0.27529555559158327,"w":0.5742046236991882},"size":2.327981948852539,"orthographic":false}