{"cameraMode":{"drawMode":0,"name":"Shaded","section":"Shading Mode"},"sceneLighting":true,"audioPlay":false,"sceneViewState":{"showFog":true,"showMaterialUpdate":false,"showSkybox":true,"showFlares":true,"showImageEffects":true,"showParticleSystems":true},"in2DMode":false,"pivot":{"x":-5544.26123046875,"y":-8517.2451171875,"z":2596.678466796875},"rotation":{"x":0.3546759784221649,"y":-0.624812126159668,"z":0.38326406478881838,"w":0.5807852745056152},"size":5184.03759765625,"orthographic":false}