{"cameraMode":{"drawMode":0,"name":"Shaded","section":"Shading Mode"},"sceneLighting":true,"audioPlay":false,"sceneViewState":{"showFog":true,"showMaterialUpdate":false,"showSkybox":true,"showFlares":true,"showImageEffects":true,"showParticleSystems":true},"in2DMode":false,"pivot":{"x":-2858.379638671875,"y":-3580.198486328125,"z":4049.651123046875},"rotation":{"x":0.2738373577594757,"y":-0.472223162651062,"z":0.15746666491031648,"w":0.8232241272926331},"size":3600.662841796875,"orthographic":false}