{"cameraMode":{"drawMode":0,"name":"Shaded","section":"Shading Mode"},"sceneLighting":false,"audioPlay":false,"sceneViewState":{"showFog":true,"showMaterialUpdate":false,"showSkybox":false,"showFlares":true,"showImageEffects":true,"showParticleSystems":true},"in2DMode":false,"pivot":{"x":-0.33097076416015627,"y":20.845012664794923,"z":-0.3130159378051758},"rotation":{"x":-0.29110297560691836,"y":0.3261539340019226,"z":-0.10701137036085129,"w":-0.8931472301483154},"size":25.457256317138673,"orthographic":false}