{"cameraMode":{"drawMode":0,"name":"Shaded","section":"Shading Mode"},"sceneLighting":false,"audioPlay":false,"sceneViewState":{"showFog":true,"showMaterialUpdate":false,"showSkybox":false,"showFlares":true,"showImageEffects":true,"showParticleSystems":true},"in2DMode":false,"pivot":{"x":9575.0,"y":10903.74609375,"z":11969.10546875},"rotation":{"x":-0.5182574391365051,"y":-0.0007723915623500943,"z":0.00046837524860166013,"w":-0.8552289009094238},"size":824.3826293945313,"orthographic":false}