{"cameraMode":{"drawMode":0,"name":"Shaded","section":"Shading Mode"},"sceneLighting":false,"audioPlay":false,"sceneViewState":{"showFog":true,"showMaterialUpdate":false,"showSkybox":false,"showFlares":true,"showImageEffects":true,"showParticleSystems":true},"in2DMode":false,"pivot":{"x":2868.11474609375,"y":31408.912109375,"z":4840.94384765625},"rotation":{"x":-0.5322404503822327,"y":-0.012192427180707455,"z":0.007666218094527721,"w":-0.8464710712432861},"size":1448.50146484375,"orthographic":false}