{"cameraMode":{"drawMode":0,"name":"Shaded","section":"Shading Mode"},"sceneLighting":false,"audioPlay":false,"sceneViewState":{"showFog":true,"showMaterialUpdate":false,"showSkybox":false,"showFlares":true,"showImageEffects":true,"showParticleSystems":true},"in2DMode":false,"pivot":{"x":22676.0,"y":6313.69580078125,"z":-795.2794189453125},"rotation":{"x":-0.48185810446739199,"y":-0.00999131053686142,"z":0.005494702607393265,"w":-0.8761752843856812},"size":1448.8153076171875,"orthographic":false}