{"cameraMode":{"drawMode":0,"name":"Shaded","section":"Shading Mode"},"sceneLighting":false,"audioPlay":false,"sceneViewState":{"showFog":true,"showMaterialUpdate":false,"showSkybox":false,"showFlares":true,"showImageEffects":true,"showParticleSystems":true},"in2DMode":false,"pivot":{"x":-129.40469360351563,"y":-13.621200561523438,"z":79.77459716796875},"rotation":{"x":-0.09786297380924225,"y":-0.9007349610328674,"z":0.2715488374233246,"w":-0.32460731267929079},"size":120.33631896972656,"orthographic":false}