{"cameraMode":{"drawMode":0,"name":"Shaded","section":"Shading Mode"},"sceneLighting":true,"audioPlay":false,"sceneViewState":{"showFog":true,"showMaterialUpdate":false,"showSkybox":true,"showFlares":true,"showImageEffects":true,"showParticleSystems":true},"in2DMode":false,"pivot":{"x":2866.151123046875,"y":507.966796875,"z":8332.66015625},"rotation":{"x":0.5195590853691101,"y":-0.01310161966830492,"z":0.006845301017165184,"w":0.8544563055038452},"size":5009.0263671875,"orthographic":false}