{"cameraMode":{"drawMode":0,"name":"Shaded","section":"Shading Mode"},"sceneLighting":true,"audioPlay":false,"sceneViewState":{"showFog":true,"showMaterialUpdate":false,"showSkybox":true,"showFlares":true,"showImageEffects":true,"showParticleSystems":true},"in2DMode":false,"pivot":{"x":158.3492431640625,"y":1746.9873046875,"z":28.435626983642579},"rotation":{"x":-0.13885138928890229,"y":-0.3916796147823334,"z":0.059921979904174808,"w":-0.9076018333435059},"size":10.0,"orthographic":false}