{"cameraMode":{"drawMode":0,"name":"Shaded","section":"Shading Mode"},"sceneLighting":true,"audioPlay":false,"sceneViewState":{"showFog":true,"showMaterialUpdate":false,"showSkybox":true,"showFlares":true,"showImageEffects":true,"showParticleSystems":true},"in2DMode":false,"pivot":{"x":24275.44140625,"y":590.7357177734375,"z":1199.0927734375},"rotation":{"x":-0.18486052751541139,"y":0.3390249013900757,"z":-0.06813308596611023,"w":-0.9199378490447998},"size":1448.6240234375,"orthographic":false}