{"cameraMode":{"drawMode":0,"name":"Shaded","section":"Shading Mode"},"sceneLighting":false,"audioPlay":false,"sceneViewState":{"showFog":true,"showMaterialUpdate":false,"showSkybox":false,"showFlares":true,"showImageEffects":true,"showParticleSystems":true},"in2DMode":false,"pivot":{"x":5114.61181640625,"y":1613.648193359375,"z":4381.0263671875},"rotation":{"x":-0.3152722716331482,"y":-0.3233741819858551,"z":0.11522706598043442,"w":-0.8847525119781494},"size":1448.7122802734375,"orthographic":false}