{"cameraMode":{"drawMode":0,"name":"Shaded","section":"Shading Mode"},"sceneLighting":true,"audioPlay":false,"sceneViewState":{"showFog":true,"showMaterialUpdate":false,"showSkybox":true,"showFlares":true,"showImageEffects":true,"showParticleSystems":true},"in2DMode":false,"pivot":{"x":-7456.71630859375,"y":-13033.5302734375,"z":8877.998046875},"rotation":{"x":0.3486292064189911,"y":-0.6381130814552307,"z":0.3972133994102478,"w":0.5599942207336426},"size":11582.3603515625,"orthographic":false}