{"cameraMode":{"drawMode":0,"name":"Shaded","section":"Shading Mode"},"sceneLighting":false,"audioPlay":false,"sceneViewState":{"showFog":true,"showMaterialUpdate":false,"showSkybox":false,"showFlares":true,"showImageEffects":true,"showParticleSystems":true},"in2DMode":false,"pivot":{"x":9076.455078125,"y":10857.373046875,"z":11881.1904296875},"rotation":{"x":-0.5424099564552307,"y":-0.004539223853498697,"z":0.0029310581739991905,"w":-0.8401011824607849},"size":1448.8153076171875,"orthographic":false}